ID;Question;Type;Range;Cardinality;Constraint/Rule;Visible/relevant if
Strands;How many strands shall the caster have?;Double;7.0 | 6.0 | 5.0 | 4.0 | 3.0 | 2.0 | 31.0 | 30.0 | 29.0 | 28.0 | 27.0 | 26.0 | 25.0 | 24.0 | 23.0 | 22.0 | 21.0 | 20.0 | 19.0 | 18.0 | 17.0 | 16.0 | 15.0 | 14.0 | 13.0 | 12.0 | 11.0 | 10.0 | 9.0 | 8.0 | 100.0 | 96.0 | 97.0 | 98.0 | 99.0 | 92.0 | 93.0 | 94.0 | 95.0 | 88.0 | 89.0 | 90.0 | 91.0 | 84.0 | 85.0 | 86.0 | 87.0 | 80.0 | 81.0 | 82.0 | 83.0 | 76.0 | 77.0 | 78.0 | 79.0 | 72.0 | 73.0 | 74.0 | 75.0 | 68.0 | 69.0 | 70.0 | 71.0 | 64.0 | 65.0 | 66.0 | 67.0 | 62.0 | 63.0 | 60.0 | 61.0 | 58.0 | 59.0 | 56.0 | 57.0 | 54.0 | 55.0 | 52.0 | 53.0 | 50.0 | 51.0 | 48.0 | 49.0 | 46.0 | 47.0 | 44.0 | 45.0 | 42.0 | 43.0 | 40.0 | 41.0 | 38.0 | 39.0 | 36.0 | 37.0 | 34.0 | 35.0 | 32.0 | 33.0 | 1.0;;"if getValue(Strands) >= 4.0 {
disAllow(Modes.top);
}
if getValue(Strands) < 4.0 {
allow(Modes.top);
}
";true
Modes;Which feeding modes shall be supported?;Enumeration;top | horizontal | bottom | vertical;1:4;;true
UI;Shall the standard UI be deployed?;Boolean;false | true;;;true
TopFeeding3D;Do you require 3D visualization of Top Feeding?;Boolean;false | true;;;Modes == top || Thermal3D
