ID;Question;Type;Range;Cardinality;Constraint/Rule;Visible/relevant if
OnlineShop;Do you want to create an Onlineshop?;Boolean;false | true;;;true
Payment;Which payment methods should be supported?;Enumeration;DebitCard | CreditCard;1:1;;true
Search;Should a search function be suppoted?;Boolean;false | true;;"if !Search {
Sort = true;
}
if (Search) {
UserManagement = Security;
}
";true
Categories;Split products into categories?;Boolean;false | true;;;true
Sort;Should products be sortable?;Boolean;false | true;;"if !Sort {
Search = true;
}
";}
UserManagement;Which user management enhancements should be supported?;Enumeration;Orders | Security | Payments | Wishlist;1:4;"if !Security {
allow(UserManagement.Payments);
}
if Security {
disAllow(UserManagement.Payments);
}
if !Payments {
allow(UserManagement.Security);
}
if Payments {
disAllow(UserManagement.Security);
}
";true
