ID;Question;Type;Range;Cardinality;Constraint/Rule;Visible/relevant if
SV;Do you want to derive a full solution or choose particular packages?;Enumeration;Particular Packages | Solution;1:1;;true
SV_Solution;Which solution do you want to derive?;Enumeration;BMD� | BMDCRM;1:1;;getValue(SV) == SV
SV_Particular_Package;Which of the following packages do you want?;Enumeration;Organizer | Label Printing | Else | Docs | Standard Letter;1:5;;getValue(SV) == SV
CV;What are your tasks?;Enumeration;Document Management | Claims Management | Customer Management;1:3;;getValue(SV) == SV
CV_Documents;How do you manage documents?;Enumeration;scan new | import external | archive | read existing;1:4;;getValue(CV) == SV
CV_Customer;How are you communicating with customers?;Enumeration;mail | phone;1:2;;getValue(CV) == SV
CV_Claims;Which additional capabilities do you need?;Enumeration;journal | task manager;1:2;;getValue(CV) == CV
